{
  "Base": {
    "ProfileName": "turtlebot4_standard",
    "Readers": [
      {
        "FpsOverride": 7.5
      }
    ]
  },
  "LocalPointCloud": {
    "LowerBound": -0.12
  },
  "Patch": {
    "Base": {
      "Sensors": [
        {
          "EstimationScaleY": false,
          "ReferenceFrame": "Odometry_0",
          "ScaleTheta": 0.993435699073313,
          "ScaleX": 1.0113313849053442,
          "ScaleY": 1.0,
          "SigmaCauchyKernel": 0.363814,
          "SigmaTheta": 0.610175,
          "SigmaX": 0.00471217,
          "SigmaY": 0.00201838,
          "TimeOffset": "23.75ms",
          "Type": [
            "Odometry",
            0
          ]
        }
      ],
      "StaticTransforms": [
        {
          "ChildReferenceFrame": "Odometry_0",
          "ReferenceFrame": "IMU_0",
          "T": {
            "R": [
              -0.4922011232002672,
              -0.5069417703196838,
              0.5080863409336843,
              -0.4925407252016428
            ],
            "T": [
              0.01505621637411587,
              0.23584855553326578,
              0.08745647747155146
            ]
          }
        }
      ]
    }
  },
  "Position": {
    "Backend": {
      "Type": "VisualInertialKinematic"
    },
    "Frontend": {
      "ExtractorType": "SAFE_V2",
      "TrackingOnPlane": {
        "DetectionMethod": "USE_PRIOR_PLANE_NORMAL",
        "DoTrackingOnPlane": true,
        "PriorPlaneNormal": [
          0.0,
          0.0,
          1.0
        ]
      }
    }
  },
  "Version": "1.1.0"
}
