{
  "Base": {
    "ProfileName": "create3_slam_config",
    "Readers": [
      {
        "FpsOverride": 7.5
      }
    ]
  },
  "LocalPointCloud": {
    "LowerBound": -0.12
  },
  "Patch": {
    "Base": {
      "Sensors": [
        {
          "EstimationScaleY": false,
          "InitialRotationVariance": 0.01,
          "InitialRotationVariancePoorVisual": 0.01,
          "InitialTranslationVariance": 0.01,
          "InitialTranslationVariancePoorVisual": 0.01,
          "ReferenceFrame": "Odometry_0",
          "ScaleTheta": 0.9933867580978062,
          "ScaleX": 1.0150016223805305,
          "ScaleY": 1.0,
          "SigmaCauchyKernel": 0.283169,
          "SigmaTheta": 0.51291,
          "SigmaX": 0.00312164,
          "SigmaY": 0.00192344,
          "TimeOffset": -800000,
          "Type": [
            "Odometry",
            0
          ]
        }
      ],
      "StaticTransforms": [
        {
          "ChildReferenceFrame": "Odometry_0",
          "ReferenceFrame": "IMU_0",
          "T": {
            "R": [
              0.5015815324386865,
              0.499299806131306,
              -0.5005709595078438,
              0.498542259403449
            ],
            "T": [
              0.0138568648256688,
              0.1833275424617366,
              -0.0582310161014108
            ]
          }
        }
      ]
    }
  },
  "Position": {
    "Backend": {
      "Type": "VisualInertialKinematic"
    },
    "Frontend": {
      "ExtractorType": "SAFE_V2",
      "TrackingOnPlane": {
        "DetectionMethod": "USE_PRIOR_PLANE_NORMAL",
        "DoTrackingOnPlane": true,
        "PriorPlaneNormal": [
          0.0,
          0.0,
          1.0
        ]
      }
    }
  },
  "Version": "1.1.0"
}
